{
  "sites": [
    "alcoa_huntly",
    "ranger",
    "mt_owen"
  ],
  "matrix": [
    [
      0.5435364881933425,
      0.541771738319505,
      0.46280699499295713
    ],
    [
      0.5237311020129257,
      0.7601472239949857,
      0.6027450982460091
    ],
    [
      0.4916423097966658,
      0.6029330417229591,
      0.6374563898119194
    ]
  ],
  "std": [
    [
      0.018953099842534092,
      0.03229265512529816,
      0.04399671652933595
    ],
    [
      0.01121187411135197,
      0.003012847177523105,
      0.009499084674412293
    ],
    [
      0.030524063228881494,
      0.016759465304664906,
      0.03688927336605238
    ]
  ],
  "seeds": 3
}